period,accruedExpenses,additionalPaidInCapital,cashDuefromBanks,commonStockTotal,customerLiabilityAcceptances,deferredIncomeTax,goodwillNet,intangiblesNet,longTermDebt,longTermInvestments,minorityInterest_x,netLoans,otherAssetsTotal,otherCurrentliabilitiesTotal,otherEarningAssetsTotal,otherEquityTotal,otherLiabilitiesTotal,otherLongTermAssetsTotal,preferredStockNonRedeemableNet,propertyPlantEquipmentTotalNet,retainedEarnings,tangibleBookValueperShare,totalAssets,totalCommonSharesOutstanding,totalDebt,totalDeposits,totalEquity,totalLiabilities,totalLiabilitiesShareholdersEquity,totalLongTermDebt,totalShortTermBorrowings,unrealizedGainLoss,dilutedAverageShares,dilutedEPS,interestIncomeBank,loanLossProvision,minorityInterest_y,netIncome,netIncomeAfterTaxes,netIncomeBeforeTaxes,netInterestIncAfterLoanLossProv,netInterestIncome,nonInterestExpenseBank,nonInterestIncomeBank,provisionforIncomeTaxes,totalAdjustmentstoNetIncome,totalInterestExpense,capitalExpenditures,cashInterestPaid,cashTaxesPaid,cashfromFinancingActivities,cashfromInvestingActivities,cashfromOperatingActivities,changesinWorkingCapital,depreciationDepletion,financingCashFlowItems,foreignExchangeEffects,issuanceRetirementofDebtNet,issuanceRetirementofStockNet,netChangeinCash,netIncomeStartingLine,nonCashItems,otherInvestingCashFlowItemsTotal,totalCashDividendsPaid,ticker,market,accountsPayable,accumulatedDepreciationTotal,currentPortofLTDebtCapitalLeases,otherBearingLiabilitiesTotal,propertyPlantEquipmentTotalGross,amortization,accountsReceivableTradeNet,cashEquivalents,cashandShortTermInvestments,noteReceivableLongTerm,notesPayableShortTermDebt,otherCurrentAssetsTotal,otherReceivables,payableAccrued,shortTermInvestments,totalCurrentAssets,totalCurrentLiabilities,totalReceivablesNet,depreciationAmortization,gainLossonSaleofAssets,interestExpIncNetOperatingTotal,interestIncExpNetNonOperatingTotal,operatingIncome,otherNonOperatingIncExpNet,otherOperatingExpensesTotal,revenue,sellingGeneralAdminExpensesTotal,totalOperatingExpense,unusualExpenseIncome,deferredPolicyAcquisitionCosts,eSOPDebtGuarantee,insuranceReceivables,policyLiabilities,prepaidExpenses,amortizationofPolicyAcquisitionCosts,lossesBenefitsandAdjustmentsTotal,netInvestmentIncome,otherRevenueTotal,realizedUnrealizedGainsLosses,totalPremiumsEarned,cash,totalInventory,costofRevenueTotal,fuelExpense,grossProfit,researchDevelopment,treasuryStockCommon,equityInAffiliates,totalPreferredSharesOutstanding,deferredTaxes,minorityInterest
2020-06-30,173181.0,14268.0,233083.9,10346.0,,4491.0,,19438.0,133735.0,24800.0,8185.0,1018681.0,237765.0,1141.0,1354909.17,,641320.0,4153.0,20914.0,,141508.0,7.20237,2922798.0,20366.07225,286053.0,1621391.0,187036.0,2735762.0,2922798.0,133735.0,152318.0,,20220.0,0.15884,23000.0,6858.0,-486.0,2639.0,3125.0,4318.0,7651.0,14509.0,-23773.0,20440.0,1193.0,-662.0,8491.0,-1404.0,,2373,-3188.0,-47666.0,159785.0,149801.0,3095.0,,-7455,-1538.0,-446.0,101476.0,4318,2571,-46262.0,-1204.0,5.HK,HK,,,,,,,,,,,,,,,,,,,,,,,,,,,,,,,,,,,,,,,,,,,,,,,,,,,
2019-12-31,118156.0,13959.0,159780.59999999998,10319.0,,3375.0,,20163.0,129155.0,24474.0,8713.0,1036743.0,175815.0,2150.0,1273001.18,-25135.0,587970.0,4632.0,20871.0,,164049.0,7.03585,2715152.0,20313.25114,307879.0,1502954.0,183955.0,2531197.0,2715152.0,129155.0,178724.0,-108.0,20192.0,0.15727,26945.0,1616.0,-604.0,-1833.0,-1229.0,940.0,13606.0,15222.0,-33202.0,20536.0,2169.0,-705.0,11723.0,-2149.0,,920,-6460.0,-4033.0,6090.0,-9945.0,8997.0,,1422,-72.0,-886.0,-2981.0,940,6098,-1884.0,-5502.0,5.HK,HK,,,,,,,,,,,,,,,,,,,,,,,,,,,,,,,,,,,,,,,,,,,,,,,,,,,
2019-06-30,152052.0,13998.0,183512.0,10281.0,,2820.0,,25733.0,126557.0,23892.0,8198.0,1021632.0,206176.0,1653.0,1262321.6,-26010.0,585975.0,4412.0,22367.0,,172370.0,7.14409,2751273.0,20237.15586,347546.0,1460353.0,192676.0,2558597.0,2751273.0,126557.0,220989.0,-330.0,20189.0,0.42768,27750.0,1140.0,-721.0,9216.0,9937.0,12407.0,14100.0,15240.0,-27489.0,25796.0,2470.0,-709.0,12510.0,-1483.0,,1347,-8382.0,-31285.0,23653.0,22243.0,1522.0,,-174,-4138.0,27.0,-16188.0,12407,-12519,-29802.0,-4271.0,5.HK,HK,,,,,,,,,,,,,,,,,,,,,,,,,,,,,,,,,,,,,,,,,,,,,,,,,,,
2019-12-31,4634.0,,65722.3,9658.0,,7083.0,329.0,21625.0,19494.0,2520.0,107.0,942930.0,14555.0,4159.0,579994.69,12233.0,221162.0,8503.0,,32362,133734.0,82.0444,1676991.0,1911.84274,22810.0,1223139.0,178810.0,1498181.0,1676991.0,20932.0,1878.0,23185.0,1911.84274,5.86291,22817.0,1327.0,8.0,11184.0,11176.0,12919.0,15075.0,16402.0,-16617.0,14461.0,1743.0,-110.0,6415.0,-1038.0,6355,20,-6124.0,-658.0,22737.0,28892.0,1169.0,-481,-504,-289.0,,15451.0,12919,-20173,380.0,-5354.0,11.HK,HK,6751.0,-4514.0,,8336.0,36876.0,,,,,,,,,,,,,,,,,,,,,,,,,,,,,,,,,,,,,,,,,,,,,,
2019-06-30,4096.0,,84280.7,9658.0,,6922.0,329.0,19459.0,19503.0,2546.0,117.0,919845.0,13784.0,2550.0,564660.21,12486.0,213442.0,8432.0,,32480,127395.0,79.99246,1656652.0,1911.84274,27554.0,1213200.0,172721.0,1483931.0,1656652.0,20890.0,6664.0,23182.0,1911.84274,6.90308,21373.0,510.0,10.0,13656.0,13646.0,15894.0,15343.0,15853.0,-19055.0,19606.0,2248.0,-309.0,5520.0,-696.0,5054,20,14131.0,-39347.0,4303.0,8769.0,967.0,-232,103,23923.0,,-20810.0,15894,-21397,-38651.0,-9560.0,11.HK,HK,8541.0,-4360.0,,7509.0,36840.0,70.0,,,,,,,,,,,,,,,,,,,,,,,,,,,,,,,,,,,,,,,,,,,,,
2019-12-31,,,,30449.0,,792.0,,18378.0,80.0,1485.0,328.0,,,207880.0,,40.0,507.0,17.0,,3955,13684.0,20.45272,279051.0,1261.20132,2924.0,,44173.0,234878.0,279051.0,2314.0,,,1264.36745,1.56043,,,-3.0,1979.0,1982.0,2296.0,,,,,314.0,,,-583.0,757,109,-4327.0,43.0,5978.0,1557.0,549.0,-132,,0.0,-282.0,1694.0,4901,-1029,626.0,-3913.0,388.HK,HK,,,610,,,,25791.0,128152.0,229404.0,21.0,0.0,,0.0,22447.0,101252.0,255195.0,230937.0,25791.0,278.0,,-563.0,-33.0,2329.0,,125.0,3166.0,1004.0,837.0,-7.0,,,,,,,,,,,,,,,,,,,,,,
2019-06-30,,,,29702.0,,743.0,,18193.0,163.0,517.0,313.0,,,187982.0,,51.0,513.0,40.0,,3840,14367.0,20.60793,245553.0,1258.108,2801.0,,44120.0,201433.0,245553.0,2386.0,,,1259.61111,2.06175,,,1.0,2597.0,2596.0,3021.0,,,,,425.0,,,-508.0,672,322,-2827.0,-3528.0,4084.0,-1156.0,495.0,-49,,-903.0,-3.0,-2271.0,6050,-1305,-3020.0,-1872.0,388.HK,HK,,,415,,,,14038.0,114532.0,208904.0,21.0,0.0,,0.0,9081.0,94372.0,222942.0,197478.0,14038.0,247.0,,-637.0,-39.0,3060.0,,109.0,3649.0,870.0,589.0,,,,,,,,,,,,,,,,,,,,,,,
2019-12-31,,,,14129.0,,6237.0,1551,969.0,5757.0,234194.0,448.0,,14808.0,432.0,,-698.0,10054.0,23.0,,2865,28471.0,4.5486,284132.0,12089.0,5757.0,,57508.0,226624.0,284132.0,5757.0,,15826.0,12106.0,0.24038,,,-21.0,2784.0,2805.0,3294.0,,,,,489.0,,,-159.0,148,261,-793.0,-148.0,2102.0,2158.0,,-114,15,-149.0,4.0,1176.0,3294,-3350,11.0,-534.0,1299.HK,HK,,,,,,,,3189.0,,205.0,0.0,,,,,,,,169.0,,147.0,-8.0,3302.0,,446.0,,1062.0,19788.0,148.0,26328.0,-220.0,,203696.0,,-869.0,18685.0,3901.0,14.0,2049.0,16440.96,,,,,,,,,,,
2019-06-30,,,,14128.0,,5284.0,974,979.0,5817.0,211947.0,440.0,,10420.0,376.0,,-945.0,7270.0,29.0,,2711,26184.0,3.96435,255688.0,12089.0,5817.0,,49878.0,205810.0,255688.0,5817.0,,10735.0,12036.0,0.32791,,,-18.0,3864.0,3882.0,4601.0,,,,,719.0,,,-116.0,119,476,-727.0,-97.0,1235.0,869.0,,-101,20,791.0,31.0,431.0,4601,-4235,19.0,-1448.0,1299.HK,HK,,,,,,,,2869.0,,252.0,0.0,,,,,,,,170.0,,136.0,0.0,4601.0,,436.0,,1065.0,19832.0,98.0,25507.0,-224.0,,186623.0,,-1347.0,19274.0,3727.0,89.0,4851.0,15135.359999999999,,,,,,,,,,,
2019-12-31,,,265633.89999999997,52864.0,,6480.0,,,0.0,1632.0,5233.0,1388847.0,81885.0,7992.0,1202240.17,22862.0,169973.0,63.0,,51602,187006.0,28.58841,3026056.0,10572.78027,178760.0,2277162.0,302259.0,2723797.0,3026056.0,1850.0,163840.0,39527.0,10572.78027,1.40889,34179.0,1135.0,-173.0,15625.0,15798.0,18536.0,19485.0,20620.0,-25595.0,24646.0,2738.0,-695.0,13559.0,-898.0,1049,264,-7246.0,-908.0,5941.0,-23579.0,1479.0,-1135,-7775,-349.0,,-9988.0,18907,9134,-10.0,-5762.0,2388.HK,HK,78197,-8867,13070,,60469,,,,,,,,,,,,,,,,,,,,,,,,,,,,,,,,,,,,,,,,,,,,,,
2019-06-30,,,278500.6,52864.0,,6302.0,,,0.0,1627.0,5057.0,1346499.0,83290.0,5436.0,1190874.18,22759.0,165840.0,63.0,,51779,177848.0,27.60012,2988440.0,10572.78027,179773.0,2261561.0,291810.0,2696630.0,2988440.0,1953.0,163860.0,38339.0,10572.78027,1.63794,33605.0,717.0,-327.0,17949.0,18276.0,21552.0,19186.0,19903.0,-33249.0,35615.0,3276.0,-695.0,13702.0,-552.0,1048,463,-11219.0,-2401.0,-274644.0,-294097.0,1402.0,-1165,3778,-295.0,,-284486.0,20848,-2797,-1849.0,-9759.0,2388.HK,HK,72661,-8172,13960,,59951,,,,,,,,,,,,,,,,,,,,,,,,,,,,,,,,,,,,,,,,,,,,,,
2019-12-31,,,,23243.0,,15117.0,14128.0,5983.0,38798.0,19828.0,9987.0,,,20962.0,,-3603.0,7917.0,3193.0,,149665,89702.0,35.31872,221623.0,2526.45057,52448.0,,109342.0,112281.0,221623.0,38798.0,,,2526.451,2.25913,,,-471.0,5651.0,6122.0,7589.0,,,,,1467.0,-87.0,,-5792.0,1104,606,-8266.0,-3429.0,15354.0,15354.0,,-3557,-85,-1525.0,,3574.0,,,2363.0,-3184.0,2.HK,HK,5850.0,-112067.0,13650,,261732.0,,10791.0,7881.0,8326.0,,0.0,6989,210.0,,,28826.0,40462.0,11001,4111.0,,,512.0,7166.0,-89.0,0.0,40495.0,2272.0,19537.0,,,,,,,,,,1356.0,,,445.0,2510.0,15148.0,13154.0,,,,,,,
2019-06-30,,,,23243.0,,14816.0,14165.0,6126.0,38546.0,19047.0,10036.0,,,20427.0,,-803.0,7410.0,2956.0,,148113,87424.0,35.45409,222335.0,2526.45057,54066.0,,109864.0,112471.0,222335.0,38546.0,,,2526.451,1.34778,,,-414.0,-782.0,-368.0,952.0,,,,,1320.0,-125.0,,-5431.0,1224,1716,-6678.0,-2395.0,5991.0,5991.0,,-125,24,-1955.0,,-3058.0,,,3036.0,-4598.0,2.HK,HK,5716.0,-109579.0,15520,,257692.0,,13660.0,4307.0,6567.0,,0.0,7393,1106.0,,,31928.0,41663.0,14766,4007.0,,,560.0,483.0,-91.0,6381.0,41224.0,2263.0,25536.0,,,,,,,,,,2614.0,,,2260.0,3202.0,17819.0,12885.0,,,,,,,
2019-12-31,,,,5474.7,,7180.5,,5291.1,28695.6,47445.6,8803.1,,,12765.3,,1005.3,3029.8,3796.1,,63807.9,58918.7,3.44952,140470.1,17771.32263,38148.1,,66593.6,73876.5,140470.1,28695.6,,1194.9,17771.32263,0.1731,,,-497.0,3131.9,3628.9,4919.0,,,,,1290.1,-55.6,,-3615.6000000000004,732.4999999999999,,-1779.9999999999995,-2573.5,5036.2,5036.2,,-1144.7,-45.800000000000004,1395.7,,636.9,,,1042.1,-2030.9999999999995,3.HK,HK,3949.7,,9352.1,,,,3819.8,7848.9,8197.4,,100.4,,4012.5999999999995,,348.5,20129.4,26167.5,7832.4,1412.3,,-1972.0,138.9,4780.1,,3705.7,20276.2,1624.9,4770.9,,,,,,1735.9,,,,,,,,2363.7,10725.2,,9551.0,,,,,,
2019-06-30,,,,5474.7,,6347.4,,5670.8,27768.2,43539.8,8086.6,,,11464.2,,1783.8,3083.9,3636.4,,62701.9,57750.2,3.34715,135217.2,17771.32263,37095.9,,65154.0,70063.2,135217.2,27768.2,,145.3,17771.32263,0.21886,,,-553.0,3932.4,4485.4,5484.9,,,,,999.5,-43.0,,-3135.7,744.6,,-3433.9,-2727.3,4876.2,4876.2,,-808.7,-3.8,913.7,,-1288.8,,,408.4,-3538.9,3.HK,HK,3985.2,,9221.5,,,,3461.1,7212.0,7908.6,,106.2,,4404.799999999999,,696.6,19668.3,24777.1,7865.9,1341.2,,-256.0,1192.6,4292.3,,2035.5,20351.9,1860.3,4981.0,,,,,,1478.7,,,,,,,,2415.1,11078.6,,9273.3,,,,,,
2019-12-31,,,,6610.0,,,,,3321.0,87242.0,,,,156.0,,-8232.0,434.0,1295.0,,19,87114.0,40.05694,93571.0,2134.26165,3324.0,,85492.0,8079.0,93571.0,3321.0,,,2134.26165,1.56494,,,,3340.0,3340.0,3347.0,,,,,7.0,,,0.0,68,-50,-1707.0,2058.0,810.0,616.0,1,,10,-64.0,,1171.0,3347,-3154,2058.0,-1643.0,6.HK,HK,4165,-6.0,3,,25.0,,0.0,3127.0,4876.0,,0.0,0.0,137.0,,1637.0,5015.0,4324.0,137,,,,2620.0,727.0,,-44.0,683.0,,-44.0,,,,,,2.0,,,,,,,112.0,,0.0,,,,,,,,
2019-06-30,,,,6610.0,,24.0,,,3342.0,85083.0,,,,0.0,,-9157.0,507.0,1686.0,,20,85226.0,38.73892,90901.0,2134.26165,3407.0,,82679.0,8222.0,90901.0,3342.0,,,2134.26165,1.77626,,,,3791.0,3791.0,3827.0,,,,,36.0,,,,50,21,-4271.0,79.0,1039.0,665.0,1,,-8,62.0,,-3161.0,3827,-3454,79.0,-4333.0,6.HK,HK,4284,-5.0,65,,25.0,,0.0,2040.0,3880.0,,0.0,106.0,125.0,,1812.0,4112.0,4349.0,125,,,,2794.0,1033.0,,-368.0,665.0,,-368.0,,,,,,1.0,,,,,,,28.0,,0.0,,,,,,,,
2019-12-31,,25299.0,,2651.0,,450.0,,2486,27295.0,144035.0,69.0,,,5586.0,,2580.0,762.0,1110.0,,2805,104952.0,49.14211,165184.0,2519.61095,31764.0,,126305.0,38879.0,165184.0,27295.0,,68.0,2519.61095,1.81099,,,-21.0,4961.0,4982.0,5066.0,,,,,84.0,-398,,,,,-657.0,2184.0,2033.0,2033.0,,-657,,,,3560.0,,,2184.0,,1038.HK,HK,248.0,,4469,,,,263.0,,12077.0,,0.0,1452,0.0,,,14748.0,10303.0,263,175.0,,-133.0,3224.0,1842.0,,163.0,3488.0,,205.0,0,,,,,819.0,,,,,,,12077.0,137,1441.0,,2047.0,,-9245.0,,,,
2019-06-30,,25299.0,,2651.0,,457.0,,2481,28670.0,140915.0,50.0,,,4853.0,,1363.0,828.0,2274.0,,2693,102018.0,47.49662,158842.0,2519.61095,30294.0,,122154.0,36688.0,158842.0,28670.0,,68.0,2519.61095,2.15574,,,-21.0,6341.0,6362.0,6407.0,,,,,45.0,-398,,,,,-4423.0,4719.0,2131.0,2131.0,,-4423,,,,2427.0,,,4719.0,,1038.HK,HK,206.0,,1624,,,,243.0,,8517.0,,0.0,825,0.0,,,10479.0,6683.0,243,126.0,,-79.0,3910.0,2497.0,,55.0,3245.0,,-413.0,-515,,,,,707.0,,,,,,,8517.0,187,1161.0,,2084.0,,-9245.0,,,,
2019-12-31,,,,52345.0,,6910.0,262,,62400.0,324524.0,4542.0,,,23270.0,,-2218.0,1135.0,869.0,,840,270245.0,66.22371,455245.0,4841.0,92126.0,,320851.0,134394.0,455245.0,62642.0,,479.0,4841.0,1.95807,,,-44.0,9479.0,9523.0,10589.0,,,,,1066.0,,,-2059.0,,325,-2801.0,-4518.0,4431.0,4431.0,,-7738,-136,7358.0,,-3024.0,,,-2459.0,-2421.0,12.HK,HK,2,-662,29484,,1113,,351.0,,12306.0,,0.0,1265,14333.0,6409.0,196,128750.0,59165.0,14684,,,-174,3663.0,6926.0,,-83.0,16055.0,1970,1713.0,0,,,,,,,,,,,,12110.0,100495,7416.0,,8639.0,,,,,,
2019-06-30,,,,52345.0,,6915.0,262,,56565.0,314336.0,4735.0,,,24334.0,,-827.0,1699.0,913.0,,759,263099.0,64.94503,449138.0,4841.387,89893.0,,314686.0,134452.0,449138.0,56708.0,,69.0,4841.0,1.48924,,,-11.0,7515.0,7526.0,8497.0,,,,,971.0,,,-1510.0,,950,-3068.0,695.0,2313.0,2313.0,,-1230,-181,3884.0,,-241.0,,0.0,2205.0,-5722.0,12.HK,HK,2,-500,33185,,911,,369.0,,16889.0,,0.0,1798,14229.0,6874.0,194,132868.0,64395.0,14598,,,-462,4722.0,3775.0,,-106.0,8129.0,1286,373.0,-345,,,,,,,,,,,,16695.0,99583,3981.0,,4148.0,,,,,,
2019-12-31,,,,70703.0,,23833.0,,4304,112645.0,511001.0,5521.0,,,65048.0,,112.0,9744.0,5844.0,,40530,501355.0,196.43409,807567.0,2898.0,125492.0,,573570.0,233997.0,807567.0,113563.0,,1400.0,2897.77691,5.32098,,,-434.0,15504.0,15938.0,19326.0,,,,,3388.0,-85,,,1660,705,26535.0,-50529.0,24617.0,24617.0,,8445,-171,28816.0,-4,452.0,,,-50529.0,-10722.0,16.HK,HK,4359,,11929,,,,3765.0,,23540.0,,0.0,223.0,21047.0,,1157,245888.0,81336.0,24812,,,-2500,681.0,18652.0,-7,-351.0,38711.0,3804,953.0,,,,,,,,,,,,,22383.0,197313,19106.0,,19605.0,,,,,,
2019-06-30,,,,70683.0,,23328.0,,4445,85838.0,463676.0,5601.0,,,53825.0,,1607.0,275.0,4764.0,,35862,496440.0,195.22878,751162.0,2898.0,95006.0,,570218.0,180944.0,751162.0,85838.0,,1488.0,2897.42249,8.44702,,,-411.0,24528.0,24939.0,30015.0,,,,,5076.0,-85,,,1662,953,1333.0,-10387.0,6019.0,6019.0,,2334,-37,2626.0,-5,-3072.0,,,-10387.0,-3622.0,16.HK,HK,2909,,9168,,,,22811.0,,23141.0,,0.0,,0.0,,1103,242415.0,65902.0,22811,,,-6368,1624.0,28399.0,-8,-464.0,48190.0,4436,-2396.0,,,,,,,,,,,,,22038.0,196463,22187.0,,26003.0,,,,,,
2019-12-31,,,,77939.6,,12779.0,,23622.7,141163.7,319984.3,30488.9,,,39011.1,,30447.1,14867.3,28714.0,,38491.6,138334.3,87.26367,593520.8,2556.6,192889.1,,246721.0,346799.8,593520.8,146849.1,,,2559.75,0.41277,,,-1277.3,1818.1,3095.4,6758.2,,,,,3662.8,-800.8,,-8753.4,4069.4,,24995.2,-14904.9,-8953.1,-8953.1,,4210.0,-607.4,24611.7,-41.3,529.8,,,-6151.5,-3785.2,17.HK,HK,56764.4,,27657.5,,,,31555.1,,76403.1,,18382.5,8723.4,0.0,,12860.3,182708.2,141815.5,31555.1,,,2407,359.4,6398.8,,-873.0,32464.4,4331.9,5865.899999999998,,,,,,,,,,,,,63542.8,66026.6,20199.7,,12264.7,,,,,,
2019-06-30,,,,77875.3,,10371.1,,13437.5,114558.6,291906.1,29994.5,,,10727.6,,21505.5,1734.1,16752.5,,31024.1,145989.2,90.75094,503284.9,2555.70351,156334.6,,245370.0,257914.9,503284.9,114558.6,,,2554.1,2.61303,,,-723.6,7407.6,8131.2,11536.7,,,,,3405.5,-531.9,,-5387.799999999999,267.19999999999993,,9593.2,-10948.800000000001,12608.900000000001,12608.900000000001,,-12445.4,664.3000000000001,23540.800000000003,-71.70000000000002,11917.599999999999,,,-5560.999999999999,-1430.5,17.HK,HK,48753.0,,25921.2,,,,25722.0,,64547.6,,15854.8,1813.9,0.0,,818.5,150164.7,101256.6,25722.0,,,-3964,2554.8,8981.9,,590.8,27496.5,4139.1,765.8999999999978,,,,,,,,,,,,,63729.1,58081.2,17748.7,,9747.8,,,,,,
2019-12-31,,,,49000.36385,,2505.68163,,,4284.68036,90451.33802,870.19319,,,26778.92212,,-18.23669,1961.24339,0.3,,3261.49541,98179.96346,21.09042,188066.51506,6958.94188,4345.76155,,146767.02398,41299.49108,188066.51506,4296.66429,,-395.06664,6839.36373,0.4066,,,-11.53269,2780.79053,2792.32323,3100.37638,,,,,308.05315,,,-20.59527,62.6259,,-1814.50414,10346.91745,5482.85672,5482.85672,,141.04437,-35.44183,-836.16974,,13979.82819,,,10367.51271,-1119.37877,83.HK,HK,4837.6892,,49.09726,,,,1541.80964,,41455.43333,16261.49883,0.0,388.35192,5235.19881,,31909.77032,78091.8828,31665.70858,6777.00845,,,-288.12773,1444.96073,1656.44259,-1.02694,46.00472,3168.55008,463.37577,221.25276000000008,,,,,,,,,,,,,9545.66302,29471.0891,1290.85473,,1877.69535,,,,,,
2019-06-30,,,,47324.77629,,2445.35365,,,5062.33319,91185.04585,868.09161,,,20418.2055,,125.88271,1693.02469,1104.21672,,2111.69852,98194.13926,21.31351,180748.38038,6816.99105,5062.33319,,145294.01275,35454.36763,180748.38038,5062.33319,,-350.78551,6780.51828,0.55137,,,-76.33183,3784.22783,3860.55966,4228.30142,,,,,367.74176,,,-43.73875,58.440529999999995,,261.16695000000004,-4793.77209,14280.23805,-1217.6966,,-415.64667999999995,-6.241569999999996,797.0160000000001,0.0,9741.391339999998,,15497.934659999999,-4750.03333,-120.20236999999997,83.HK,HK,4967.35899,,0.0,,,,1240.67045,,38701.89117,11803.27485,0.0,403.86701,6577.4642,,27296.97083,74544.14443,25385.56449,7818.13465,,,-1364.55422,980.39987,3246.01272,1.88884,53.92806,3412.13949,381.25992,-979.2216300000001,-49.8554,,,,,,,,,,,,11404.92033,27620.25161,1145.3484,,2266.79109,,,,,,
2019-12-31,,,,39915.0,,12459.0,,,26979.0,188432.0,9143.0,,,809.0,,-3695.0,,87.0,,234,102362.0,30.82904,199980.0,4498.0,29989.0,,138669.0,61311.0,199980.0,27272.0,,87.0,4497.71867,0.59052,,,-3374.0,2656.0,6030.0,10341.0,,,,,4311.0,,,-2784.0,702,332,-3346.0,-1269.0,3040.0,3040.0,,-873,-112,-1708.0,0.0,-1687.0,,,1515.0,-765.0,101.HK,HK,,,2717,,,,2279.0,,3306.0,,0.0,0,0.0,8911,,11227.0,12437.0,2279,,,-7362,-17.0,10358.0,,-2.0,4648.0,276,-7088.0,0.0,,,,,,,,,,,,3306.0,5642,1378.0,,3270.0,,,,,,
2019-06-30,,,,39915.0,,8845.0,,,28536.0,180504.0,6052.0,,,599.0,,-2247.0,,93.0,,209,100430.0,30.72277,191916.0,4498.0,31941.0,,138191.0,53725.0,191916.0,28838.0,,93.0,4497.71867,0.78173,,,-254.0,3516.0,3770.0,4468.0,,,,,698.0,,,-9478.0,712,529,864.0,-8696.0,2279.0,2279.0,,-918,57,4391.0,,-5496.0,,,782.0,-2609.0,101.HK,HK,,,3103,,,,2309.0,,4355.0,,0.0,110,0.0,6288,,11110.0,9990.0,2309,,,-1438,126.0,4342.0,,-4.0,4204.0,317,-1125.0,0.0,,,,,,,,,,,,4355.0,4336,987.0,,3217.0,,,,,,
2019-12-31,,,,74033.624,,16186.85,56.395,,157886.155,150327.074,8540.933,,,182054.579,,760.666,2293.675,7324.745,,4019.414,205523.956,25.60626,723895.787,10956.201,190172.732,,280603.692,443292.095,723895.787,158022.422,,285.446,10956.201,3.79861,,,-1129.092,41618.313,42747.405,64951.72,,,,,22204.315,,,,3978.357332,6172.586171000001,-18011.723437,-249.3973689999998,17252.062677,17252.062677,,-16939.860899,222.90133,-1071.8625379999976,,-786.1567990000003,,,-249.3973689999998,,688.HK,HK,44043.326,,32150.31,,,,10027.282,,95447.568,1536.598,0.0,14026.891,15170.690000000002,,,560631.561,258248.215,25197.972,,,-10236.649,2607.52,62344.2,,-2403.303,163650.953,5375.864,-7264.088000000003,,,,,,16930.599,,,,,,,95447.568,409028.531,108570.841,,55080.112,,,,,,
2019-06-30,,,,82798.778475,,15830.421582,59.086102,,172111.869011,136366.739026,9773.355823,,,175458.144097,,-15218.132068,1094.034685,7000.618376,,4337.107573,209319.895782,25.268019,717916.924899,10956.201,199765.602195,,276900.542189,441016.382709,717916.924899,172360.246744,,,10956.201,2.084583,,,-471.546924,22839.162293,23310.709217,35152.435721,,,,,11841.726504,,,,3845.071668,10306.237829,19492.428437,-2349.597631,-7342.525677,-7342.525677,,-888.208101,-115.66133,20380.636538,,9684.643799,,,-2349.597631,,688.HK,HK,39094.824327,,27405.35545,,,,9604.157586,,102592.162806,9245.265721,0.0,9592.334872,19289.952432,,,560908.108101,241958.323875,28894.110018,,,-5084.052046,1626.829698,33525.606022,,-1253.534651,85504.727796,2648.627789,-3688.958909000001,,,,,,14789.056628,,,,,,,102592.162806,405040.443777,55668.080682,,29836.647114,,,,,,
2020-03-31,2250.0,,,,,2871.0,424,,38375.0,195970.0,406.0,,,2462.0,,159711.0,1464,231.0,,1389,,77.40275,207619.0,2057.89839,38375.0,,159711.0,47908.0,207619.0,38375.0,,,2083.66694,-11.45289,,,156.0,-23864.0,-24020.0,-23985.0,,,,,35.0,,,-390,562,,191.0,1875.0,3271.0,3271.0,,-498,-13,6757.0,-3102,5324.0,,,2265.0,-2966,823.HK,HK,80,-156,,,1545,,210.0,1560.0,7877.0,,0.0,497,1021.0,,0,9605.0,4792.0,1231,,,27610,-179.0,-23676.0,-130,280.0,5386.0,529,28419.0,,,,,,,,,,,,,6317.0,,643.0,,4743.0,,,,,,
2019-09-30,2286.0,,,,,3322.0,426,,27934.0,222443.0,562.0,,,2731.0,,189926.0,1451,118.0,,1412,,90.37719,231902.0,2096.76789,31450.0,,189926.0,41976.0,231902.0,27934.0,,,2145.38769,3.14022,,,25.0,6742.0,6717.0,7394.0,,,,,677.0,,,-193,320,,-957.0,-2407.0,3318.0,3318.0,,-225,-95,3370.0,-1138,-141.0,,,-2214.0,-2964,823.HK,HK,174,-189,3516.0,,1601,,112.0,420.0,6253.0,,0.0,137,1001.0,,3700,7503.0,8707.0,1113,,,-3662,-106.0,7532.0,-32,330.0,5332.0,574,-2758.0,,,,,,,,,,,,,2133.0,,558.0,,4774.0,,,,,,
2019-03-31,2108.0,,,,,3191.0,433,,27769.0,218496.0,587.0,,,2357.0,,188739.0,1994,42.0,,138,,89.27327,226937.0,2109.32125,27769.0,,188739.0,38198.0,226937.0,27769.0,,,2111.48643,5.25838,,,-4.0,11103.0,11107.0,11734.0,,,,,627.0,,,-33,388,,-3799.0,2171.0,3109.0,3109.0,,-66,13,-765.0,-209,1494.0,,,2204.0,-2759,823.HK,HK,192,-203,,,341,,111.0,739.0,6789.0,,0.0,106,822.0,,4095,7828.0,4657.0,933,,,-5567,2577.0,9243.0,-86,237.0,5107.0,654,-4676.0,,,,,,,,,,,,,1955.0,,540.0,,4567.0,,,,,,
2019-12-31,,58529.724,,673.829,,19440.37,11.544,424.977,113199.789,198452.207,49898.438,,,298672.811,,16527.189,3008.803,11939.065,,15768.924,107843.39,25.68212,762107.846,7130.93958,136670.62,,183574.132,578533.714,762107.846,115119.328,,,6997.60625,2.27877,,,-3641.174,16087.111,19728.285,38477.753,,,,,18749.468,-141.155,,-4079.272,3916.406,6445.4439999999995,-70.00500000000011,-25272.702,25213.771999999997,25213.771999999997,,1128.4259999999995,319.949,424.85999999999876,6050.537,191.01400000000012,,,-21193.43,-7673.828,1109.HK,HK,70842.672,,21551.292,,,,3384.303,,62538.267,15416.618,0.0,2027.164,51876.887,,866.022,520094.511,391066.775,55261.19,,,-5141.338,1396.209,37184.074,-102.53,-260.379,101886.997,6698.555,1296.8380000000034,,,,,,44057.963,,,,,,,61672.245,356209.927,63406.085,,38480.912,,,,,,
2019-06-30,,52497.187,,655.829,,17037.836,11.544,400.537,130764.517,177122.199,40766.433,,,309921.587,,3814.938,2126.073,8799.601,,15218.257,92251.076,21.46995,727079.389,6930.93958,148002.94,,149219.03,577860.359,727079.389,132681.545,,,6930.93958,1.83616,,,-1748.925,12874.389,14623.314,22516.346,,,,,7893.032,-148.069,,-1241.566,4075.999,12513.379,2187.965,-17610.202,7492.114,7492.114,,-9879.689,165.072,12067.654,,-7765.051,,,-16368.636,,1109.HK,HK,60005.49,,15321.395,,,,3120.379,,61916.224,19802.39,0.0,1678.021,43189.625,,434.993,505724.861,385248.472,46310.004,,,-7351.18,1191.499,21419.085,-94.238,-665.034,45848.952,4116.193,-3900.0210000000006,,,,,,45224.311,,,,,,,61481.231,350596.301,28329.888,,17519.064,,,,,,
2019-12-31,,,,245639.0,,13836.0,6492.0,,73241.0,203127.0,5309.0,,,20947.0,,8229.0,3354,7045.0,,97519,102062.0,94.60956,508057.0,3693.4005,86718.0,,355923.0,152134.0,508057.0,79877.0,,-7.0,3693.4005,3.79217,,,-45.0,14277.0,14322.0,19218.0,,,,,4896.0,-271,,-1244,,,-7573.0,-22880.0,31718.0,31718.0,,-523,-325,-5129.0,,940.0,,,-21636.0,-1921,1113.HK,HK,,,,,,,6754.0,,60304.0,3359.0,6841.0,,1527.0,21970,,190515.0,49758.0,8281,1303,,-1600,-562.0,19780.0,,650.0,55546.0,2635,2988.0,0.0,,,,,,,,,,,,60304.0,121930,32778.0,,22768.0,,,,,,
2019-06-30,,,,245639.0,,11969.0,,,57443.0,209458.0,5811.0,,,35933.0,,8614.0,477,5924.0,,39872,90137.0,93.24253,476572.0,3693.4005,61163.0,,344382.0,132190.0,476572.0,57443.0,,-8.0,3693.4005,4.09595,,,-326.0,15398.0,15724.0,18292.0,,,,,2568.0,-270,,-2302,,,-15174.0,8038.0,10197.0,10197.0,,-1556,23,-8336.0,,3084.0,,,10340.0,-5282,1113.HK,HK,,,,,,,5192.0,,59402.0,3789.0,3720.0,,10129.0,16837,,217529.0,56490.0,15321,889,,-5906,33.0,18259.0,,246.0,26836.0,1817,-2954.0,0.0,,,,,,,,,,,,59402.0,142806,11531.0,,15305.0,,,,,,
2019-12-31,,696.0,,304.0,,2403.0,,,33236.0,266791.0,5250.0,,,14484.0,,116.0,353,669.0,,7928,214751.0,71.20026,284341.0,3036.0,45536.0,,216164.0,68177.0,284341.0,33236.0,,297.0,3036.0,-1.00823,,,21.0,-3061.0,-3082.0,-2149.0,,,,,933.0,,,,,482,2187.0,-7814.0,5176.0,5176.0,,5527,-40,,,-491.0,,,-7814.0,-3340,1997.HK,HK,151,-3291.0,12300,,11219.0,,332.0,2907.0,2907.0,,0.0,,553.0,,,8953.0,26935.0,885,144,,,-8054.0,5989.0,-84,,7545.0,293,437.0,,,,,,22,,,,,,,,5139,1119.0,,6426.0,,,,,,
2019-06-30,,696.0,,304.0,,2322.0,,,37631.0,266486.0,5610.0,,,12777.0,,154.0,331,738.0,,8163,221082.0,73.3531,283669.0,3036.0,39821.0,,222700.0,60969.0,283669.0,37631.0,,464.0,3036.0,2.30204,,,-84.0,6989.0,7073.0,8101.0,,,,,1028.0,,,,,520,-5864.0,-251.0,6847.0,6847.0,,-2676,-9,,,723.0,,,-251.0,-3188,1997.HK,HK,108,,2190,,,,345.0,3398.0,3398.0,,0.0,,605.0,,,8282.0,15075.0,950,146,,,1405.0,6722.0,-26,,8498.0,318,464.0,,,,,,40,,,,,,,,3894,1312.0,,7186.0,,,,,,
2019-12-31,10349.0,30053,,2050.0,,32763.0,,745,253331.0,68318.0,66669.0,,,942289.0,,-412.0,3047,29679.0,,162837,119288.0,6.92122,1907152.0,21845.0,370791.0,,151939.0,1755213.0,1907152.0,253982.0,,960,22108.0,1.06354,,,-14230.0,23915.0,38145.0,59451.0,,,,,21306.0,,,-518,13827,18004,9256.0,18797.0,12858.0,12858.0,,-1733,-248,20779,-322,40663.0,,,19315.0,-9468,2007.HK,HK,329305,,116809,,,,63883.0,248985.0,256918.0,14056,0.0,19810,321610.0,,7933,1631517.0,1398752.0,385493,,,-291,3057.0,56394.0,,-282.0,283902.0,15234,15387.0,-627,,,,,101434,,,,,,,,867862,212121.0,,71781.0,1353,,,,,
2019-06-30,7401.0,28344,,2033.0,,26751.0,,660,217972.0,68918.0,55475.0,,,918387.0,,-555.0,3054,23146.0,,155049,100169.0,6.01108,1746730.0,21660.0,332751.0,,130860.0,1615870.0,1746730.0,218233.0,,869,22050.0,0.71966,,,-7422.0,15635.0,23057.0,39488.0,,,,,16431.0,,,-3584,9502,23037,16001.0,-37888.0,1808.0,1808.0,,796,58,15070,135,-20021.0,,,-34304.0,0,2007.HK,HK,272051,,114518,,,,62949.0,208322.0,223364.0,26778,0.0,14786,311281.0,,15042,1472179.0,1312357.0,374230,,,-143,3222.0,36266.0,,-956.0,202006.0,18669,18590.0,400,,,,,156208,,,,,,,,703591,147150.0,,54856.0,620,,,,,
2019-12-31,,244377,,3856.0,,16819.0,308986,235370,305293.0,296028.0,120268.0,,,73308.0,,-19863.0,56991,34629.0,,119131,248325.0,-17.54585,1210976.0,3856.2405,439356.0,,476695.0,734281.0,1210976.0,380902.0,,,3856.2405,5.57693,,,-3970.0,21506.0,25476.0,28630.0,,,,,3154.0,,,-22025,7591,2521,-4814.0,-25299.0,42623.0,42623.0,,-7428,,5969,0.0,12510.0,,,-3274.0,-3355,1.HK,HK,27539,,58074,,,,20766.0,,137127.0,,380.0,1603,15136.0,,106521,216832.0,159301.0,35902,18755,,,-5464.0,34542.0,-448,25383.0,151401.0,18650,62788.0,,,,,,18353,,,,,,,30606.0,23847,54071.0,,97330.0,,,,,,
2019-06-30,,244377,,3856.0,,18673.0,321996,232551,308398.0,260235.0,126500.0,,,155268.0,,-23959.0,73801,33828.0,,110832,229709.0,-26.07825,1289050.0,3856.2405,432550.0,,453983.0,835067.0,1289050.0,382697.0,,,3856.2405,4.75178,,,-3977.0,18324.0,22301.0,25167.0,,,,,2866.0,,,-14268,7428,3302,-28906.0,-12120.0,26647.0,26647.0,,-14136,,-5900,,-14379.0,,,2148.0,-8870,1.HK,HK,28275,,49468,,,,21017.0,,123280.0,,385.0,122516,18583.0,,101209,329608.0,233396.0,39600,19374,,,184.0,24632.0,351,32418.0,147620.0,19308,71100.0,,,,,,20596,,,,,,,22071.0,23616,51888.0,,95732.0,,,,,,
2019-12-31,,,,1294.0,,11014.0,6604,6248,56464.0,327462.0,56142.0,,,1905.0,,-557.0,2346,1148.0,,42579,270330.0,173.48393,441397.0,1501.58,73408.0,,273352.0,168045.0,441397.0,60981.0,,2285,1501.58,1.41601,,,-970.0,1068.0,2027.0,3145.0,,,,,1118.0,,,-2255,1352,404,-4155.0,26.0,7624.0,7624.0,,-189,-107,-1939,0,3388.0,,,2281.0,-2027,19.HK,HK,,,12317,,,,5375.0,21345,21345.0,16903,110.0,46,2722.0,23230,,40453.0,37562.0,8097,,,113,295.0,2926.0,-76,-8.0,42782.0,10814,12578.0,1659,,,,,1822,,,,,,,,9143,27278.0,,15504.0,,,,,,
2019-06-30,,,,1294.0,,10559.0,7050,6346,57592.0,326685.0,55591.0,,,950.0,,259.0,2506,679.0,,44763,270609.0,173.85554,442061.0,1501.58,75136.0,,274454.0,167607.0,442061.0,62508.0,,2292,1501.58,4.66806,,,-1861.0,7939.0,9800.0,11439.0,,,,,1639.0,,,-2263,1251,993,-6397.0,12343.0,2917.0,2917.0,,-886,-31,-2582,-226,8832.0,,,14606.0,-2703,19.HK,HK,,,12519,,,,6557.0,20967,20967.0,14803,109.0,1545,2538.0,22865,,41735.0,36443.0,9095,,,-3831,644.0,10866.0,-71,53.0,42870.0,10314,5451.0,-1085,,,,,2579,,,,,,,,7549,26553.0,,16317.0,,,,,,
2019-12-31,2327.154,,,22433.668,,201.218,,554.524,8.931,37736.256,567.486,,,13640.675,,,352.907,26.65,,37734.868,51153.725,16.85185,95696.172,4333.82001,1000.115,,73587.393,22108.779,95696.172,319.578,,,4347.64991,1.48103,,,-44.638,6361.793,6406.431,6491.067,,,,,84.636,,,,,,-8001.557999999999,-7641.597000000001,11096.053,11096.053,,-8001.557999999999,15.947000000000001,,,-4531.155000000001,,,-7641.597000000001,,27.HK,HK,4019.224,,67.248,,,,630.146,,16991.532,127.423,613.289,,1603.3460000000002,,2345.444,19516.451,20667.59,2233.492,1792.963,,-587.466,222.225,6273.762,-4.92,2677.564,25682.52,,3961.309000000001,78.248,,,,,113.593,,,,,,,14646.088,177.834,15447.449,,10235.071,,,,,,
2019-06-30,2259.979,,,22303.468,,197.359,,639.835,18.189,38656.303,570.847,,,9329.477,,,395.981,181.281,,36455.962,46175.1,15.65953,92401.985,4332.10627,6956.501,,68478.568,23923.417,92401.985,324.638,,,4345.73133,1.54663,,,-41.672,6679.752,6721.424,6792.752,,,,,71.328,,,,,,-4083.476,-7243.058,8346.216,8346.216,,-4083.476,-18.478,,,-2998.796,,,-7243.058,,27.HK,HK,4213.273,,57.348,,,,519.543,28.177,14112.641,,6574.515,,1446.819,,2901.11,16468.604,22434.592,1966.362,1663.633,,-598.512,188.994,6607.228,-3.47,2397.201,26219.471,,3504.2469999999994,41.925,,,,,208.984,,,,,,,11183.354,180.617,16107.996,,10111.475,,,,,,
2019-12-31,1990.0,,,58804.0,,13729.0,77,31261,46579.0,102457.0,192.0,,198.0,21871.0,,-911.0,408,2082.0,,114654,124777.0,25.21424,289214.0,6157.94891,49950.0,,186606.0,102608.0,289214.0,46579.0,,3936.0,6157.60599,1.04359,,,-62.0,6426.0,6488.0,7263.0,,,,,775.0,,,-5982,515,109,-4671.0,-2573.0,7000.0,243.0,,-327,-68,2282,23,-312.0,6940,-183,3409.0,-6649.0,66.HK,HK,14468,,,,,,11169.0,,21186.0,,3371.0,,3041.0,,,,,14210,2645,,,-781.0,8012.0,32.0,-1487.0,26232.0,986,2144.0,,,,,,,,,,,,,21186,3089,16076.0,,10156.0,,,,,,
2019-06-30,3497.0,,,58054.0,,13015.0,56,30848,44676.0,95192.0,230.0,,98.0,23459.0,,-741.0,408,2145.0,,117273,119103.0,24.32276,282716.0,6141.98459,47672.0,,180294.0,102422.0,282716.0,44676.0,,3878.0,6143.44341,0.89624,,,-98.0,5506.0,5604.0,6751.0,,,,,1147.0,,,-3349,539,522,-4457.0,-5739.0,10043.0,-387.0,,-482,-54,-3960,-15,-207.0,8411,2019,-2390.0,,66.HK,HK,14141,,,,,,10289.0,,21617.0,,2996.0,,2418.0,,,,,12707,2592,,,1512.0,5201.0,38.0,2260.0,28272.0,479,5331.0,,,,,,,,,,,,,21617,2780,17740.0,,10532.0,,,,,,
2020-03-31,2371.083,462.13,,1866.355,,214.378,,13.027,8293.566,85.13,81.532,,,1718.379,,-643.274,74.281,287.536,,7833.269,13575.913,1.22911,29824.99,12415.18414,8999.563,,15272.682,14552.308,29824.99,8360.6,,11.558,12415.833,0.16407,,,2.908,2034.302,2031.394,2859.422,,,,,828.028,,,-160.73100000000002,146.186,1019.7829999999999,-2079.3210000000004,-159.66900000000004,2910.826,2910.826,,0.0040000000000048885,-51.141,-1479.7620000000002,-42.42500000000001,620.695,,,1.0619999999999998,-557.1379999999999,151.HK,HK,1093.092,,638.963,,,,846.744,17256.927,17256.927,,0.0,,0.0,,,21606.028,5821.517,846.744,,,-27.586,107.255,2752.167,,-244.351,10790.46,2620.889,2352.8189999999995,3.867,,,,,756.19,,,,,,,,2746.167,5685.474,,5104.986,,,,,,
2019-09-30,2053.106,462.13,,1867.41,,236.074,,13.461,8697.704,93.658,84.887,,,1356.972,,-610.631,77.243,288.573,,8129.388,12135.349,1.11564,29353.781,12422.63714,10455.277,,13872.622,15481.159,29353.781,8772.559,,18.364,12428.837,0.13019,,,10.064,1614.913,1604.849,2189.367,,,,,584.518,,,-135.417,148.638,716.787,-2410.939,-132.2,1934.506,1934.506,,-53.523,84.437,328.305,-142.357,-524.196,,,3.217,-2543.364,151.HK,HK,1217.6,,1682.718,,,,939.089,16636.232,16636.232,,0.0,,0.0,,,20828.701,6310.396,939.089,,,-8.27,135.6,2053.767,,-155.325,9304.071,2655.589,2496.2790000000005,4.285,,,,,676.79,,,,,,,,2576.59,4754.025,,4550.046,,,,,,
2019-03-31,2061.082,462.13,,1871.067,,267.528,,14.199,7773.478,95.488,97.537,,,1458.671,,-244.723,75.037,1208.099,,7331.25,13254.493,1.23285,29874.405,12449.28714,9517.36,,15362.29,14512.115,29874.405,7773.478,,19.323,12449.287,0.16545,,,5.083,2112.186,2107.103,2925.263,,,,,818.16,,,-193.915,148.967,636.983,-179.592,557.009,3293.6539999999995,3293.6539999999995,,1.2649999999999988,-13.424999999999983,272.7649999999999,0.0,3657.646,,,750.924,-453.62199999999984,151.HK,HK,1034.9,,1743.882,,,,1034.97,17160.428,17160.428,,0.0,,0.0,,,21225.369,6298.535,1034.97,,,6.875,111.132,2814.131,,-233.413,11463.902,2768.51,2469.098000000001,-72.874,,,,,642.224,,,,,,,,2387.747,6180.673,,5283.229,,,,,,
2019-12-31,4918.947,7591.592,,167.733,,301.119,42.806,17597.628,4149.195,8837.463,488.84,,,9812.281,,3430.742,,4096.451,,27070.318,43245.559,4.01388,107927.578,9166.99754,4212.784,,54435.626,53491.952,107927.578,4175.561,,,9231.79834,0.43922,,,-34.147,4180.163,4214.31,4871.68,,,,,657.37,,,-3001.830999999999,65.641,567.482,1400.04,-3513.2729999999992,7383.536,1129.026,,3349.016,14.733,660.607,196.17699999999996,5285.036,4871.68,1382.83,-511.442,-2805.76,175.HK,HK,33757.981,,37.223,,,,2284.416,,19281.216,268.899,0.0,1768.613,21581.747,,,50014.013,48526.432,23866.163,,183.067,-67.554,374.689,4313.924,,-543.86,49842.631,4745.655,4133.605000000003,-0.636,,,,,0,,,,,,,19281.216,5098.021,41395.102,,8447.529,,,,,,
2019-06-30,4501.503,7314.852,,166.756,,270.229,26.414,16188.409,2046.309,8270.973,452.019,,,8465.075,,-90.102,,4186.833,,23148.155,39144.827,3.32782,91536.361,9111.52354,3477.122,,46536.333,45000.028,91536.361,2081.218,,,9128.45017,0.44082,,,-37.573,4009.475,4047.048,4764.588,,,,,717.54,,,-4476.904,57.896,1381.94,363.32,-7277.831,5154.168,-1101.521,,-73.59,19.327,-6.366,443.276,-1741.016,4764.588,1491.101,-2800.927,,175.HK,HK,27834.08,,22.784,,,,1500.611,,13996.18,262.661,1373.12,1417.328,18602.793999999998,,,39452.916,42196.562,20103.405,,,,397.332,4367.256,,-612.616,47558.617,4714.459,4101.843000000001,,,,,,0,,,,,,,13996.18,3936.003,39089.518,,8469.099,,,,,,
2019-12-31,23542,,676154.5,381710.0,,9963.0,21203,11977,1243532.0,164308.0,302965.0,4355251.0,210512.0,19987.0,2489467.35,-41729.0,99958,87548.0,,186569,246999.0,19.19357,8289924.0,29090.26263,1388733.0,5710621.0,591526.0,7698398.0,8289924.0,1260967.0,127766.0,4546,29183.51351,0.81202,160207.0,48845.0,-10633.0,20385.0,31018.0,38821.0,31482.0,80327.0,-220763.0,228102.0,7803.0,0,79880.0,-12623,18434,8623,75308.0,-77969.0,148312.0,84063.0,11418,19554,-9088,61082,,136563.0,38821,14010,-65346.0,-5328,267.HK,HK,142629,,,,,,,,,,,,,,,,,,,,,,,,,,,,,,,,,,,,,,,,,,,,,,,,,,
2019-06-30,19546,,553053.8999999999,381710.0,,9190.0,22859,13971,1210400.0,158993.0,258085.0,4250561.0,277007.0,20468.0,2388251.17,-31995.0,72970,53841.0,,216744,230288.0,18.69674,8006388.0,29090.26263,1288265.0,5603636.0,580723.0,7425665.0,8006388.0,1238111.0,50154.0,720,29090.0,1.1489,147706.0,39877.0,-13652.0,33518.0,47170.0,57194.0,27584.0,67461.0,-193951.0,223561.0,10024.0,0,80245.0,-7003,18609,14989,8772.0,-218542.0,11770.0,-67287.0,10388,-19168,1667,35411,,-196333.0,57194,11475,-211539.0,-7471,267.HK,HK,153505,,,,,,,,,,,,,,,,,,,,,,,,,,,,,,,,,,,,,,,,,,,,,,,,,,
2019-12-31,1686,2982,,1.0,,660.0,1955,1712,2187.0,357.0,768.0,,,96.0,,-222.0,757,308.0,,6189,5923.0,0.34081,17282.0,14720.75,3557.0,,8684.0,8598.0,17282.0,2544.0,,,14800.34,0.06401,,,-129.0,896.0,1025.0,1236.0,,,,,211.0,,,-431,,,-592.0,-256.0,1064.0,1064.0,,221,-5,-441,3,211.0,,,175.0,-375.0,288.HK,HK,1074,,1013,,,,1038.0,,999.0,54,0.0,41,9.0,,447,6707.0,3869.0,1047,5,,,-65.0,1301.0,,-59.0,12976.0,1467,1469.0,56,,,,,508,,,,,,,552,4112,10206.0,,2770.0,,,,,,
2019-06-30,1388,2974,,1.0,,712.0,1961,1723,2192.0,286.0,703.0,,,31.0,,-183.0,694,253.0,,6134,5495.0,0.31365,16453.0,14675.48411,3889.0,,8287.0,8166.0,16453.0,2473.0,,,14782.1,0.04927,,,-101.0,569.0,670.0,816.0,,,,,146.0,,,-272,,,-1.0,-540.0,399.0,399.0,,-357,-1,328,28,-143.0,,,-268.0,,288.HK,HK,749,,1399,,,,1003.0,,790.0,43,17.0,33,45.0,,432,6053.0,3584.0,1048,4,,,-64.0,880.0,,10.0,11127.0,1394,1582.0,174,,,,,454,,,,,,,358,3728,8665.0,,2462.0,,,,,,
2019-12-31,,,,662.379,,13.454,580.866,666.705,754.628,17.968,-0.334,,,1243.993,,-169.603,143.461,74.947,,1333.703,2933.696,1.17326,7698.051,1830.00694,1725.376,,3394.645,4303.406,7698.051,929.118,,,1832.67373,0.18001,,,-0.037,329.896,329.933,354.536,,,,,24.603,,,-286.85599999999994,27.157,13.582,-322.684,-262.751,795.979,243.31600000000003,111.96300000000001,-249.07399999999998,-4.287000000000001,30.07299999999998,2.29,206.25699999999998,354.53599999999994,28.474000000000004,24.105000000000004,-105.973,669.HK,HK,1177.456,,796.258,,,57.69,1182.937,,1436.418,,0.0,194.141,97.43500000000017,,24.597,5023.862,3217.707,1280.372,,,-22.398,-27.065,381.601,,-6.17,3938.474,1015.671,1108.3070000000002,,,-31.827,,,,,,,,,,1411.821,2112.931,2448.566,,1489.908,121.204,,,,,
2019-06-30,,,,659.545,,14.607,581.096,641.086,663.377,18.386,-0.371,,,1290.454,,-149.357,125.864,86.17,,1201.844,2702.569,1.07151,7296.025,1828.02694,1648.405,,3180.931,4115.094,7296.025,830.044,,,1832.37241,0.15554,,,-0.059,285.004,285.063,306.75,,,,,21.687,,,-328.723,25.166,20.981,485.449,-305.735,-71.706,-585.229,100.419,14.803,-6.324,597.263,-8.996,101.684,306.75,50.943,22.988,-117.621,669.HK,HK,1036.135,,818.361,,,55.411,1346.679,,1231.326,,0.0,160.939,67.36500000000001,,25.762,4767.443,3144.95,1414.044,,,-17.817,-25.139,331.889,,-4.372,3728.247,984.456,1070.8590000000004,,,-31.826,,,,,,,,,,1205.564,1961.134,2325.499,,1402.748,108.592,,,,,
2020-03-31,,38687,,,,13512.0,,127718,208765.0,483946.0,55719.0,,,144300.0,,,17457,58878.0,,63605,419137.0,34.55458,1014945.0,9553.17724,237957.0,,457824.0,557121.0,1014945.0,217039.0,,,9604.0,2.64079,,,-507.0,28896.0,29403.0,35295.0,,,,,5892.0,,,-6151,,,-761.0,-52253.0,54661.0,54661.0,,-761,632,,,2279.0,,,-46102.0,,700.HK,HK,88176,,6245,,,,42869.0,69645,200298.0,,14673.0,2174,0.0,,65028,280798.0,253394.0,42869,,,-3669,-1965.0,37260.0,,2130.0,108065.0,21207,15534.0,-4134,,,,,34856,,,,,,,65625,601,55271.0,,52794.0,,,,,,
2019-12-31,28059.0,35271,,,,12841.0,,128860,187584.0,452292.0,56118.0,,,84942.0,,,16153,57260.0,,61606,397435.0,31.80762,953986.0,9552.61529,232520.0,,432706.0,521280.0,953986.0,196012.0,,,9669.0,2.15848,,,-790.0,21582.0,22372.0,24509.0,,,,,2137.0,,,-41488,7047.0,17228.0,-2535.0,-59788.0,50604.0,50604.0,,-12601,-897,20561.0,-2180.0,-12616.0,,,-18300.0,-8315.0,700.HK,HK,80690,,19480,,,,35839.0,72084,187391.0,,17028.0,16783,4884.0,9957.0,54400,253968.0,240156.0,40723,,,-4107,-4095.0,28604.0,,-1099.0,105767.0,22714,17504.0,-4,,,,,8353,,,,,,,60907,718,59659.0,,46108.0,,,,,,
2019-09-30,,32811,,,,9461.0,,54422,174487.0,430074.0,37555.0,,,104531.0,,,10679,55135.0,,56626,371237.0,36.59137,856222.0,9553.07292,218802.0,,403982.0,452240.0,856222.0,183021.0,,,9582.0,2.10632,,,-594.0,20382.0,20976.0,24314.0,,,,,3338.0,,,7662,,,-3045.0,-20082.0,44182.0,44182.0,,7135,1714,,,22769.0,,,-27744.0,,700.HK,HK,71212,,19476,,,,32069.0,92278,201328.0,,16305.0,2046,0.0,,55721,259965.0,211524.0,32069,,,-1798,-1513.0,25827.0,,-577.0,97236.0,19258,16652.0,-231,,,,,24110,,,,,,,53329,412,54757.0,,42479.0,,-66.0,,,,
2019-06-30,19962.0,31667,,,,10547.0,,56256,164134.0,413486.0,34576.0,,,65139.0,,,10541,50554.0,,53291,354789.0,34.68134,816864.0,9520.97051,211632.0,,386456.0,430408.0,816864.0,172796.0,,,9577.0,2.45454,,,-548.0,24136.0,24684.0,27909.0,,,,,3225.0,,,-18656,3060.0,10182.0,1672.0,-14924.0,25005.0,25005.0,,-8508,1393,18974.0,-479.0,13146.0,,,3732.0,-8315.0,700.HK,HK,67764,,22039,,,,32199.0,69594,185248.0,,16797.0,12885,3459.0,10247.0,62410,243277.0,201948.0,35658,,,-4052,388.0,27521.0,,-927.0,88821.0,17295,11605.0,-711,,,,,9174,,,,,,,53244,312,49695.0,,39126.0,,,,,,
2019-12-31,23836,,,254056,,87.0,2771,11324,6865.0,45107.0,708.0,,,83043.0,,,8067,8633.0,,410474,73947.0,9.99908,562499.0,30598.0,54186.0,,320047.0,242452.0,562499.0,28400.0,,-7956,30598.0,0.04925,,,-23.0,1507.0,1530.0,1828.0,,,,,298.0,,,-36769,2521.0,12,-11905.0,-31998.0,51323.0,51323.0,,9539,21,-21444,,7441.0,,,4771.0,0,762.HK,HK,72525,-619263,11227,,1029737,,18541.0,,38863.0,595,14559.0,5165,16662.0,,3918,83595.0,205190.0,35203,20576,,,315.0,637.0,876,18101.0,73395.0,12319,50996.0,,,,,,2005,,,,,,,34945,2359,21762.0,,51633.0,,,,,,
2019-06-30,27577,,,254056,,112.0,2771,11009,6019.0,44237.0,647.0,,,80613.0,,,7620,9538.0,,415687,69425.0,9.87842,565127.0,30598.0,61263.0,,316040.0,249087.0,565127.0,29542.0,,-7441,30598.0,0.10465,,,-6.0,3202.0,3208.0,3936.0,,,,,728.0,,,-23773,,292,-17860.0,-27055.0,42355.0,42355.0,,-9146,4,-4614,,-2556.0,,,-3282.0,-4100,762.HK,HK,71255,-631341,21101,,1047028,,22684.0,,31329.0,609,10620.0,4958,18345.0,,3825,81276.0,211166.0,41029,21298,,,292.0,3199.0,445,14807.0,71807.0,13607,49712.0,,,,,,1682,,,,,,,27504,2278,18896.0,,52911.0,,,,,,
2019-12-31,,,,43081,,3602.0,,16306,136152.0,50034.0,,,,37088.0,,-1152,71440,35713.0,,449733,406258.0,9.67314,757731.0,44647.45598,157229.0,,448187.0,309544.0,757731.0,143214.0,,,44648.6891,0.72748,,,,30792.0,30792.0,41607.0,,,,,10815.0,,,,,,-34377.0,-14094.0,65530.0,65530.0,,-34377,331,,,17390.0,,,-14094.0,,883.HK,HK,,,12110,,,,24794.0,33679,165047.0,,1905.0,9790,0.0,40146,131368,205945.0,91249.0,24794,31307,,,122.0,40885.0,600,2664.0,124319.0,9546,51903.0,2282,,,,,,,,,,,,,6314,31531.0,,92788.0,6104,,,,,39.0
2019-06-30,,,,43081,,3166.0,,15706,122666.0,27749.0,,,,43227.0,,-3486,56736,33549.0,,419662,391271.0,9.29863,720539.0,44647.45598,148920.0,,430866.0,289673.0,720539.0,128533.0,,,44653.53239,0.67461,,,,30253.0,30253.0,44042.0,,,,,13789.0,,,,,,-3314.0,-53363.0,57991.0,57991.0,,-3314,-20,,,1294.0,,,-53363.0,,883.HK,HK,,,15584,,,,23541.0,15726,183491.0,,4803.0,10079,0.0,37624,167765,223873.0,101238.0,23541,26392,,,501.0,43310.0,231,2318.0,108880.0,7672,42432.0,-188,,,,,,,,,,,,,6762,23138.0,,85742.0,6238,,,,,
2019-12-31,182368,,,402130,,1388.0,35343,3475,,155741.0,3516.0,,,89317.0,,1717,6861,87697.0,,817118,699926.0,52.01123,1629240.0,20475.4829,74303.0,,1103773.0,525467.0,1629240.0,51635.0,,,20475.4829,2.51728,,,-94.0,50578.0,50672.0,68863.0,,,,,18191.0,,,-117165,,,-27230.0,10429.0,121409.0,121409.0,,-27230,134,,,104742.0,,,127594.0,,941.HK,HK,167714,,22668,,,,37697.0,,420991.0,,0.0,371,36761.0,,245058,529866.0,462067.0,74458,91426,,,12653.0,53394.0,2816,98015.0,356490.0,78594,270149.0,2114,,,,,26708,,,,,,,175933,7338,32947.0,,323543.0,,,,,,
2019-06-30,241394,,,402130,,976.0,35343,2121,,148999.0,3460.0,,,69694.0,,1165,5067,81960.0,,821094,676847.0,50.92324,1648129.0,20475.4829,80151.0,,1080142.0,567987.0,1648129.0,56723.0,,,20475.4829,2.77426,,,-56.0,56063.0,56119.0,73270.0,,,,,17151.0,,,-85200,,,-37671.0,-74635.0,126182.0,126182.0,,-37671,13,,,13889.0,,,10565.0,,941.HK,HK,167245,,23428,,,,46071.0,,425061.0,,0.0,35,51663.0,,353870,558612.0,501761.0,97734,91392,,,10176.0,59755.0,3339,115073.0,389427.0,82621,290054.0,968,,,,,26029,,,,,,,71191,9753,39618.0,,349809.0,,,,,,
2019-12-31,629.034,,,125.654,,171.467,,724.62,1246.992,2757.985,278.937,,,443.736,,,,333.504,,9354.236,17747.287,14.41426,43238.775,1189.67742,21618.766,,17872.941,25365.834,43238.775,1251.357,,,1189.678,1.72308,,,-4.925,2029.941,2034.866,2713.871,,,,,679.005,,,-623.8489999999999,540.5450000000001,465.437,-4411.9529999999995,-2154.551,2606.1180000000004,2606.1180000000004,,-548.4559999999999,51.477,-2673.826,0.006000000000000227,-3908.909,,,-1530.7020000000002,-1189.677,1044.HK,HK,2223.894,,19965.99,,,,3645.224,9120.176,20540.27,,401.419,20.067,2060.3729999999996,,11420.094,30068.43,23664.073,5705.597,,,,-298.483,3022.142,-9.788,-830.508,11716.239,2478.456,1647.9479999999994,,,,,,,,,,,,,,3802.496,7046.149,,4670.09,,,,,,
2019-06-30,590.576,,,125.654,,130.846,,675.071,4241.499,4625.992,272.92,,,589.373,,,,395.688,,9319.585,16874.152,13.72198,45329.436,1189.67742,24093.999,,16999.806,28329.63,45329.436,4243.261,,,1189.716,1.58235,,,-4.455,1877.782,1882.237,2333.016,,,,,450.779,,,-274.291,267.498,723.282,-2126.63,3267.951,809.74,809.74,,-273.896,9.725,-209.845,-215.276,1960.786,,,3542.242,-1427.613,1044.HK,HK,2651.916,,16166.83,,,,3164.809,13029.085,20330.636,,3683.908,9.533,2122.6219999999994,,7301.551,30313.1,23682.603,5287.431,,,,-316.516,2658.154,-8.622,-655.781,10776.606,2016.494,1360.7130000000006,,,,,,,,,,,,,,4685.5,6757.739,,4018.867,,,,,,
2019-12-31,244.848,46.794,,10899.412,,304.427,188.964,1135.662,0.0,1485.706,1056.442,,,4467.671,,-26.906,168.656,378.223,,9282.378,7399.274,2.28995,26318.322,7483.60608,503.672,,18461.723,7856.599,26318.322,90.3,,237.134,7474.4711,0.13509,,,16.402,902.939,886.537,1099.036,,,,,212.499,,,-802.0140000000001,,,-450.4939999999999,-1648.4350000000002,2185.389,2185.389,,-373.25700000000006,0.30100000000000016,-70.178,0.0,86.76099999999997,,,-846.421,-7.058999999999969,1093.HK,HK,1110.883,,97.235,,,,2399.027,,5956.931,150.432,316.137,753.545,2051.7110000000002,,1838.695,13696.957,6236.774,4450.738,,,,21.641,1077.395,,-89.285,5342.418,2419.146,2945.9700000000003,117.235,,6.721,,,,,,,,,,4118.236,2535.743,1319.053,,4023.365,498.874,-100.706,,,,
2019-06-30,208.907,46.794,,10899.412,,339.519,188.964,1076.718,,1105.56,1040.879,,,3511.02,,-7.53,202.327,336.671,,8569.741,5570.506,2.03217,24321.206,7483.60608,781.995,,16473.616,7847.59,24321.206,126.637,,61.942,7477.51983,0.12449,,,-14.653,926.453,941.106,1179.939,,,,,238.833,,,-1320.658,,,-1095.045,-808.758,1598.511,1598.511,,-1217.538,1.154,-41.975,1122.794,-304.138,,,511.9,-958.326,1093.HK,HK,1762.943,,135.245,,,,2750.967,,5391.755,,520.113,454.873,1975.5880000000002,,1360.28,13043.552,6138.228,4726.555,,,-9.079,-3.802,1183.741,,-54.968,5684.766,2370.768,2787.4049999999997,,,3.198,,,,,,,,,,4031.475,2470.369,1713.62,,3971.146,480.684,-100.706,,,,
2019-12-31,,12944.429,,278.451,,1484.934,13896.976,7703.642,7884.802,2582.922,9172.91,,,5623.752,,-324.445,480.652,995.41,,8207.206,18283.516,0.5037,58299.251,18882.33085,8615.9,,31111.658,27187.593,58299.251,7926.072,,342.544,18591.57951,0.0257,,,-590.405,451.277,1041.682,1098.871,,,,,57.189,,,,,,4037.478,-1614.1660000000002,1817.2220000000002,1817.2220000000002,,4037.478,62.092,,,4302.625999999999,,,-1614.1660000000002,,1177.HK,HK,1809.445,,689.828,,,,2712.209,6291.029,13487.45,,0.0,,151.5880000000002,,2856.24,24913.095,8123.025,2863.797,,,-203.081,7.063,1091.808,,-85.829,4913.26,2595.843,2666.369,15.06,,,,,6903.251,,,,,,,4340.181,1658.597,1155.083,,3758.177,344.376,-412.837,,,,
2019-06-30,,12944.137,,278.452,,1635.124,13896.976,8045.862,2393.41,1568.379,8887.251,,,6938.403,,-394.591,417.888,1924.134,,6170.665,17236.365,0.42268,53471.187,18882.33085,3267.153,,29924.114,23547.073,53471.187,2464.06,,287.199,18882.33336,0.03116,,,-568.824,587.647,1156.471,1393.913,,,,,237.442,,,,,,-1236.641,-2210.178,3507.412,3507.412,,-1236.641,32.962,,,93.555,,,-2210.178,,1177.HK,HK,2401.254,,803.093,,,,3523.36,2063.897,10079.769,,0.0,,0.0,,3751.185,21865.171,10142.75,3523.36,,,-91.406,-46.512,1440.425,,-36.693,6319.283,3006.813,3639.652,0.0,,,,,6742.39,,,,,,,4264.687,1519.652,1239.206,,5080.077,760.938,-427.448,,,,
2019-12-31,,1491,,81,,45.0,,48,5535,587.0,,,,5.0,,-12,48,34.0,,8361,2789.0,0.54374,12100.0,8088.35222,5682.0,,4446.0,7654.0,12100.0,5663.0,,,8091.78,0.12896,,,,966.0,966.0,972.0,,,,,6.0,,,-519,134,,-134.0,-514.0,1326.0,1326.0,,-134,8,-5,5,686.0,,,5.0,0,1928.HK,HK,1874,,19,,,,400.0,,2471.0,23,0.0,50,56.0,,1886,3047.0,1898.0,456,342,,-23,-102.0,1088.0,-14,168.0,4340.0,130,695.0,78,,97,,,54,,,,,,,585,16,2557.0,,1783.0,,,,,,
2019-06-30,,1457,,81,,42.0,,46,5552,610.0,,,,2.0,,-28,27,82.0,,8103,1821.0,0.42168,11092.0,8086.69559,5700.0,,3456.0,7636.0,11092.0,5682.0,,,8088.632,0.13215,,,,1067.0,1067.0,1061.0,,,,,-6.0,,,-219,140,,-2178.0,-201.0,1486.0,1486.0,,-142,2,-8,23,-891.0,,,18.0,-2051,1928.HK,HK,1865,0.0,18,,0.0,,417.0,1785.0,1785.0,21,0.0,14,0.0,,0,2230.0,1885.0,417,364,,-12,-112.0,1187.0,-14,163.0,4468.0,116,634.0,3,,92,,,0,,,,,,,0,14,2647.0,,1821.0,,,,,,
2019-12-31,,0.0,,98.135,,65.392,164.35,433.884,6535.08,364.4,9.799,,,263.794,,42.981,224.75,0.0,,18437.152,19109.323,15.51755,34207.292,1208.5,8818.248,,19351.193,14856.099,34207.292,6845.412,,100.754,1207.94489,0.62682,,,0.001,757.167,757.166,844.577,,,,,87.411,,,-1556.4340000000002,120.789,,1706.9669999999999,-2175.775,2058.512,2058.512,,-110.401,51.227,2254.0229999999997,0.0,1640.931,,,-619.341,-436.6550000000002,2018.HK,HK,,,1972.836,,,,5576.036,,5511.974,,0.0,11.1,44.340000000000146,5474.116,0.0,14807.506,7710.746,5620.376,,,0.0,-59.198,903.775,,-102.317,5304.572,284.835,635.6439999999998,0.0,,,,,,,,,,,,5511.974,3664.056,3765.153,,1539.419,453.126,0.0,,,,
2019-06-30,,,,98.135,,69.356,164.35,345.818,3693.196,203.406,,,,245.401,,,191.461,0.0,,17490.494,18187.086,14.70836,28931.588,1208.5,6079.141,,18285.221,10646.367,28931.588,3719.071,,,1210.748,0.27913,,,,337.954,337.954,393.892,,,,,55.938,,,-1365.187,112.091,,-1451.964,-1218.81,1784.98,1784.98,,-123.546,0.268,43.302,-277.456,-885.526,,,146.377,-1094.264,2018.HK,HK,,,2360.07,,,,4311.345,,3235.884,,0.0,11.1,25.25799999999981,4061.008,30.978,10727.52,6666.479,4336.603,,,-12.706,-24.08,417.972,,-51.587,3814.57,181.917,536.8919999999998,0.0,,,,,,,,,,,,3204.906,3143.933,2859.706,,954.864,419.268,,,,,
2019-12-31,810.223,297.183,,151.2,,179.185,,101.381,776.414,18.181,18.877,,,674.865,,491.192,,113.904,,11127.154,24232.875,16.67822,31854.858,1503.2224,4118.314,,25172.45,6682.408,31854.858,899.628,,,1503.2224,1.78624,,,57.209,2679.179,2621.97,2957.843,,,,,335.873,,,-1318.85,54.961,132.76799999999992,247.88400000000001,-2475.8779999999997,3345.7839999999997,-24.465000000000032,512.1969999999999,,4.651,1460.1100000000001,,1122.441,2957.8430000000003,-106.272,-1157.028,-1212.226,2313.HK,HK,880.944,,26.522,,,6.481,3648.81,5060.896,11024.959,,3192.164,0,232.08300000000008,,5964.063,20494.238,5584.718,3880.893,,,-181.015,-49.91,3007.753,,-40.698,12385.579,908.405,693.3889999999992,6.697,,,,,305.981,,,,,,,,5282.405,8684.437,,3701.142,,,,,,
2019-06-30,424.868,1514.523,,151.2,,144.709,,99.328,103.121,15.181,76.081,,,400.528,,339.869,,13.314,,10000.053,21548.555,15.60303,28294.872,1503.2224,2692.586,,23554.147,4740.725,28294.872,251.925,,,1503.2224,1.60867,,,79.461,2416.027,2336.566,2613.9,,,,,277.334,,,-1436.996,32.86,588.71,-1236.04,-676.429,2258.576,-769.995,505.757,,26.432,-45.515,,372.539,2613.9,-97.3,760.567,-1190.525,2313.HK,HK,1001.953,,41.913,,,6.214,3049.06,3938.455,8123.204,,2398.748,500,306.529,,4184.749,18166.996,4268.01,3355.589,,,-163.525,-33.452,2647.352,,-338.394,10279.693,1027.033,527.527,2.413,,,,,527.464,,,,,,,,5660.739,7104.814,,3174.879,,,,,,
2019-12-31,1512.926,9501.02,,358.257,,1941.902,4718.657,7583.415,9310.149,12411.65,4215.053,,,9644.104,,-611.809,1879.7,1306.074,,15031.843,20380.457,4.27704,78537.405,3935.015,23472.81,,29132.284,49405.121,78537.405,9634.609,,-361.97,3933.794,0.4222,,,-106.772,2028.511,2135.283,3009.517,,,,,874.234,,,-2771.8050000000003,253.781,203.86300000000006,8150.870999999999,-11505.627,4463.999,1069.518,1106.9439999999997,-171.31699999999998,35.287,8251.479000000001,70.709,1144.53,3009.5170000000003,-767.395,-8733.822,0.0,2319.HK,HK,6738.626,,2951.922,,,45.415000000000006,3586.866,,25696.771,,10886.279,85.0,0.0,,19220.584,37485.766,31733.857,3586.866,,,-40.739,343.522,2665.995,,40.78,39172.617,11952.028,11433.890000000003,-518.179,,-133.671,,,3027.185,,,,,,,6476.187,5089.944,25072.732,,14099.885,,,,,,
2019-06-30,,9360.295,,357.902,,209.075,4334.109,2157.831,4743.728,11259.881,4982.121,,,18819.606,,-802.105,1887.904,1080.885,,13562.797,18327.581,5.1388,73758.61,3931.121,14143.813,,26693.2,47065.41,73758.61,4993.571,,-373.955,3913.968,0.57367,,,-83.706,2076.926,2160.632,2595.93,,,,,435.298,,,-2074.423,262.853,785.982,2463.421,-6024.106,1843.16,-1975.884,1058.928,-87.352,0.619,3206.015,53.726,-1716.906,2595.93,119.603,-3949.683,-708.968,2319.HK,HK,7022.891,,2893.816,,,44.583,4186.726,,19347.43,,6256.426,11994.651,0.0,,14616.086,41363.107,34992.739,4186.726,,,-30.307,292.131,2303.799,,199.474,39857.239,12903.44,13274.930000000004,202.323,,-176.518,,,2696.859,,,,,,,4731.344,3137.441,24278.51,,15578.729,,,,,,
2019-12-31,1028.173,1.846,,105.163,,684.836,2.119,419.163,4156.074,371.273,173.29,,,1941.014,,3.43,373.103,169.663,,7284.883,12678.902,11.06041,30693.071,1096.8497,5435.252,,12552.887,18140.184,30693.071,4278.54,,-18.847,1097.663,2.4212,,,-26.825,2560.123,2586.948,2889.756,,,,,302.808,,,-1947.2270000000003,119.20200000000001,72.81400000000001,-215.36599999999999,-2981.443,3503.1810000000005,-412.019,662.0500000000001,-126.227,-2.06,-24.273000000000025,-64.866,304.31199999999995,2889.7560000000003,336.812,-1034.216,0.0,2382.HK,HK,,,38.14,,,26.582,8358.303,,7650.796,,1118.572,55.956,1008.5720000000001,8504.516,5733.557,22445.97,12630.415,9366.875,,,-47.482,-127.351,3017.107,,-115.598,22273.786,540.887,1869.5639999999985,108.958,,-217.607,,,129.61,,,,,,,1917.239,5242.733,17387.115,,4886.671,1382.799,,,,,
2019-06-30,533.53,1.846,,105.163,,535.317,0.862,477.128,4091.169,487.934,163.871,,,1591.016,,,401.176,71.853,,6130.359,10081.133,8.67386,25488.13,1096.8497,5369.891,,9991.908,15496.222,25488.13,4214.879,,-13.116,1094.241,1.32011,,,-1.252,1431.175,1432.427,1660.584,,,,,228.157,,,-1164.975,120.329,113.551,-1225.992,-574.321,1158.441,-1200.584,555.879,-93.101,0.5,-404.491,-105.389,-641.372,1660.584,113.586,590.654,-623.011,2382.HK,HK,,,42.53,,,28.976,6911.759,,6154.942,,1112.482,43.079,564.71,6901.421,4542.015,18319.994,10180.979,7476.469,,,-99.649,-128.588,1789.172,,-55.687,15574.918,388.139,1074.8109999999997,15.47,,-183.118,,,134.856,,,,,,,1612.927,4510.648,12710.935,,2863.983,826.538,,,,,
